{"cameraMode":{"drawMode":0,"name":"Shaded","section":"Shading Mode"},"sceneLighting":true,"audioPlay":false,"sceneViewState":{"showFog":true,"showMaterialUpdate":true,"showSkybox":true,"showFlares":true,"showImageEffects":true,"showParticleSystems":true},"in2DMode":false,"pivot":{"x":0.5088833570480347,"y":4.671367645263672,"z":-7.110798358917236},"rotation":{"x":0.14115670323371888,"y":-0.6353871822357178,"z":0.11951030790805817,"w":0.7498806715011597},"size":1.714729905128479,"orthographic":false}