{"cameraMode":{"drawMode":0,"name":"Shaded","section":"Shading Mode"},"sceneLighting":false,"audioPlay":false,"sceneViewState":{"showFog":true,"showMaterialUpdate":true,"showSkybox":false,"showFlares":true,"showImageEffects":true,"showParticleSystems":true},"in2DMode":false,"pivot":{"x":-4.336561679840088,"y":-10.82801342010498,"z":55.094764709472659},"rotation":{"x":-0.30567824840545657,"y":0.1550203412771225,"z":-0.05057666823267937,"w":-0.9381267428398132},"size":25.813405990600587,"orthographic":false}