{"cameraMode":{"drawMode":0,"name":"Shaded","section":"Shading Mode"},"sceneLighting":true,"audioPlay":false,"sceneViewState":{"showFog":true,"showMaterialUpdate":true,"showSkybox":true,"showFlares":true,"showImageEffects":true,"showParticleSystems":true},"in2DMode":false,"pivot":{"x":19.48630714416504,"y":20.446880340576173,"z":42.33738708496094},"rotation":{"x":-0.007128829136490822,"y":-0.9259264469146729,"z":0.3773634433746338,"w":-0.01749984547495842},"size":25.813405990600587,"orthographic":false}