{"cameraMode":{"drawMode":0,"name":"Shaded","section":"Shading Mode"},"sceneLighting":false,"audioPlay":false,"sceneViewState":{"showFog":true,"showMaterialUpdate":true,"showSkybox":false,"showFlares":true,"showImageEffects":true,"showParticleSystems":true},"in2DMode":false,"pivot":{"x":10.720234870910645,"y":73.6512680053711,"z":56.501380920410159},"rotation":{"x":-0.010518061928451062,"y":-0.9037392139434815,"z":0.4275607764720917,"w":-0.022217251360416414},"size":9.3352689743042,"orthographic":false}